Lecture_101,101
VAV_202,201
VAV_203,202
VAV_204,203
VAV_206,204
VAV_207,205
VAV_208,206
VAV_213,207
VAV_214,208
VAV_215,209
VAV_216,210
VAV_223,213
VAV_224,214
VAV_225,215
VAV_226,216
VAV_227,217
VAV_235,223
VAV_236,224
VAV_237,225
VAV_257,240
VAV_258,241
VAV_259,242
VAV_261,244
VAV_262,245
VAV_263,246
VAV_304,301
VAV_305,302
VAV_306,303
VAV_307,304
VAV_309,305
VAV_310,306
VAV_311,307
VAV_312,308
VAV_325,330
VAV_326N,331
VAV_330,332
VAV_331,333
VAV_332,334
VAV_333,335
VAV_334,336
VAV_347,347
VAV_1005A,102
VAV_1016,108
VAV_1018,113
VAV_1047,117
VAV_1048,118
VAV_1049,119
VAV_1050,120
VAV_1062A,126
VAV_1063,129
VAV_1064,131
VAV_1094,136
VAV_1095,138
VAV_1096,140
VAV_1101A,155
VAV_1106A,141
VAV_1116,143
VAV_1128,149